{
  "aggregate": {
    "chinchilla": {
      "huber": 0.003732,
      "r2": 0.7386,
      "final_huber": 0.004669,
      "final_r2": 0.2918,
      "curve_mape": 0.136,
      "curve_mae": 0.378147,
      "curve_rmse": 0.460028,
      "final_mae": 0.471904,
      "final_rmse": 0.568249,
      "final_spearman": 0.6831,
      "n_runs": 1329,
      "n_points": 70518
    },
    "chinchilla_refit": {
      "huber": 0.002932,
      "r2": 0.8024,
      "final_huber": 0.003647,
      "final_r2": 0.6476,
      "curve_mape": 0.1049,
      "curve_mae": 0.298208,
      "curve_rmse": 0.399982,
      "final_mae": 0.369723,
      "final_rmse": 0.40086,
      "final_spearman": 0.664,
      "n_runs": 1329,
      "n_points": 70518
    },
    "xgboost": {
      "huber": 0.000528,
      "r2": 0.9645,
      "final_huber": 0.001249,
      "final_r2": 0.8607,
      "curve_mape": 0.0182,
      "curve_mae": 0.057454,
      "curve_rmse": 0.169543,
      "final_mae": 0.129735,
      "final_rmse": 0.252037,
      "final_spearman": 0.9632,
      "n_runs": 1329,
      "n_points": 70518
    },
    "xgboost_v2": {
      "huber": 0.000742,
      "r2": 0.9621,
      "final_huber": 0.001139,
      "final_r2": 0.8969,
      "curve_mape": 0.0269,
      "curve_mae": 0.079099,
      "curve_rmse": 0.175231,
      "final_mae": 0.11881,
      "final_rmse": 0.216807,
      "final_spearman": 0.9804,
      "n_runs": 1329,
      "n_points": 70518
    },
    "xgboost_ensemble": {
      "huber": 0.000527,
      "r2": 0.9644,
      "final_huber": 0.00109,
      "final_r2": 0.8886,
      "curve_mape": 0.0182,
      "curve_mae": 0.057337,
      "curve_rmse": 0.169827,
      "final_mae": 0.113867,
      "final_rmse": 0.225388,
      "final_spearman": 0.9476,
      "n_runs": 1329,
      "n_points": 70518
    },
    "pca_xgboost": {
      "huber": 0.000847,
      "r2": 0.9012,
      "final_huber": 0.001197,
      "final_r2": 0.8049,
      "curve_mape": 0.0254,
      "curve_mae": 0.089348,
      "curve_rmse": 0.282869,
      "final_mae": 0.124484,
      "final_rmse": 0.298265,
      "final_spearman": 0.9714,
      "n_runs": 1329,
      "n_points": 70518
    },
    "two_stage": {
      "huber": 0.000786,
      "r2": 0.9566,
      "final_huber": 0.001926,
      "final_r2": 0.682,
      "curve_mape": 0.0272,
      "curve_mae": 0.083372,
      "curve_rmse": 0.187471,
      "final_mae": 0.197385,
      "final_rmse": 0.380787,
      "final_spearman": 0.9234,
      "n_runs": 1329,
      "n_points": 70518
    },
    "xgboost_ultimate": {
      "huber": 0.000554,
      "r2": 0.9469,
      "final_huber": 0.000421,
      "final_r2": 0.9723,
      "curve_mape": 0.0166,
      "curve_mae": 0.059825,
      "curve_rmse": 0.207382,
      "final_mae": 0.046403,
      "final_rmse": 0.112387,
      "final_spearman": 0.9952,
      "n_runs": 1329,
      "n_points": 70518
    }
  },
  "per_source": {
    "chinchilla": {
      "marin": {
        "MAE": 0.1825948157937354,
        "RMSE": 0.19173451110528789,
        "rho": 0.5025832697348792,
        "n": 415
      },
      "steplaw": {
        "MAE": 0.5063767902997204,
        "RMSE": 0.5172345430365659,
        "rho": 0.9046579066020518,
        "n": 694
      },
      "nanochat": {
        "MAE": 0.9089029248733169,
        "RMSE": 1.0185113565536608,
        "rho": 0.7841848104670143,
        "n": 220
      }
    },
    "chinchilla_refit": {
      "marin": {
        "MAE": 0.29988621704671875,
        "RMSE": 0.30764186835153773,
        "rho": 0.49885511839371,
        "n": 415
      },
      "steplaw": {
        "MAE": 0.3863532073886878,
        "RMSE": 0.396468096295465,
        "rho": 0.9046579066020518,
        "n": 694
      },
      "nanochat": {
        "MAE": 0.44900175565565936,
        "RMSE": 0.5443545310962269,
        "rho": 0.7841848104670143,
        "n": 220
      }
    },
    "xgboost": {
      "marin": {
        "MAE": 0.07000668800059866,
        "RMSE": 0.08083132188215889,
        "rho": 0.8578998404393647,
        "n": 415
      },
      "steplaw": {
        "MAE": 0.036345414610431274,
        "RMSE": 0.04631522065477276,
        "rho": 0.9802094768569601,
        "n": 694
      },
      "nanochat": {
        "MAE": 0.5370078301880579,
        "RMSE": 0.6038563222220062,
        "rho": 0.9357653424032428,
        "n": 220
      }
    },
    "xgboost_v2": {
      "marin": {
        "MAE": 0.045968675886076046,
        "RMSE": 0.05284101728011487,
        "rho": 0.8621204470853767,
        "n": 415
      },
      "steplaw": {
        "MAE": 0.06593753864530182,
        "RMSE": 0.07780130878874597,
        "rho": 0.9591265350147784,
        "n": 694
      },
      "nanochat": {
        "MAE": 0.4230025907447123,
        "RMSE": 0.5095037348868147,
        "rho": 0.9299319490642919,
        "n": 220
      }
    },
    "xgboost_ensemble": {
      "marin": {
        "MAE": 0.0909349649811159,
        "RMSE": 0.1023153823609141,
        "rho": 0.6619472835181035,
        "n": 415
      },
      "steplaw": {
        "MAE": 0.028988142646393836,
        "RMSE": 0.03856534184404049,
        "rho": 0.9877508102870819,
        "n": 694
      },
      "nanochat": {
        "MAE": 0.42487817830241836,
        "RMSE": 0.5314475050087297,
        "rho": 0.9305451598809854,
        "n": 220
      }
    },
    "pca_xgboost": {
      "marin": {
        "MAE": 0.04452951279524826,
        "RMSE": 0.054867326965056216,
        "rho": 0.7101140376921822,
        "n": 415
      },
      "steplaw": {
        "MAE": 0.029304714413966405,
        "RMSE": 0.03921026852676669,
        "rho": 0.9620935360962083,
        "n": 694
      },
      "nanochat": {
        "MAE": 0.575555493005462,
        "RMSE": 0.7258677525224041,
        "rho": 0.7917149073170171,
        "n": 220
      }
    },
    "two_stage": {
      "marin": {
        "MAE": 0.1302651139203936,
        "RMSE": 0.14392429258379857,
        "rho": 0.6810917008628702,
        "n": 415
      },
      "steplaw": {
        "MAE": 0.039787297924639455,
        "RMSE": 0.049695468734954285,
        "rho": 0.9637795977492984,
        "n": 694
      },
      "nanochat": {
        "MAE": 0.8211445821759813,
        "RMSE": 0.9105274022536478,
        "rho": 0.9476034673975737,
        "n": 220
      }
    },
    "xgboost_ultimate": {
      "marin": {
        "MAE": 0.015529205459826617,
        "RMSE": 0.022727565744895043,
        "rho": 0.9253709553505035,
        "n": 415
      },
      "steplaw": {
        "MAE": 0.01733420512926307,
        "RMSE": 0.0286630783305401,
        "rho": 0.9866832829784666,
        "n": 694
      },
      "nanochat": {
        "MAE": 0.1963417773524731,
        "RMSE": 0.2696957550010007,
        "rho": 0.9277022964991817,
        "n": 220
      }
    }
  }
}