{
  "E": 1.6703523845524832,
  "A": 31.159567668136848,
  "B": 3223.1430173928825,
  "alpha": 0.23991529861575595,
  "beta": 0.4234519871259225
}